{
    "refDetails": null,
    "bureauDetails": {
        "bureauCheckResult": null,
        "bureauCheckDeviation": null,
        "bureauCheckAuthority": null,
        "bureauCheckComment": null
    },
    "cpvResi": {
        "cpvResiResult": null,
        "cpvResiComment": null
    },
    "cpvOffice": {
        "cpvOfficeResult": null,
        "cpvOfficeComment": null
    },
    "ageNormsDetails": {
        "ageNormsResult": null,
        "ageNormsDeviationYN": null,
        "ageNormsAuthority": null,
        "ageNormsComments": null
    },
    "businessNorms": {
        "businessVintageResult": null,
        "businessVintageDeviation": null,
        "businessVintageAuthority": null,
        "businessVintageComments": null
    },
    "propertyDevDetail": { "propertyAreaResult": null, "propertyAreaDeviation": null, "propertyAreaAuthority": null, "propertyAreaComments": null },
    "ltvDev": { "ltvResult": null, "ltvDeviation": null, "ltvAuthority": null, "ltvComments": null },
    "rcuDev": { "rcuResult": null, "rcuRemark": null, "rcuComments": null },
    "creditCommentDetails": []
}